,Source,DELETEANDRETRIEVE,HUMAN,SCORE
0,ever since joes has changed hands it 's just gotten worse and worse .,ever since joes has changed hands it 's just so good !,Ever since joes has changed hands it's gotten better and better.,0.0
1,there is definitely not enough room in that part of the venue .,there is definitely one of the best sushi in that part of the venue .,There is so much room in that part of the venue,0.0
2,so basically tasted watered down .,so fresh and basically tasted great .,It didn't taste watered down at all. ,0.033031643180138064
3,she said she 'd be back and disappeared for a few minutes .,she said she was good to be back and for a few good friends .,"She said she'd be back, and didn't disappear at all. ",0.015718877363021206
4,i ca n't believe how inconsiderate this pharmacy is .,this pharmacy is one of the best in madison .,This pharmacy is really considerate.,0.021105340631872645
5,just left and took it off the bill .,oh so good it took about it .,just left and put it on the bill .,0.02777619034011792
6,"it is n't terrible , but it is n't very good either .",it is n't great but it is reasonably priced .,"it is n't perfect , but it is very good .",0.021105340631872645
7,definitely disappointed that i could not use my birthday gift !,thank you so much for my birthday gift !,definitely not disappointed that i could use my birthday gift !,0.023980296761827107
8,"new owner , i heard - but i do n't know the details .","new owner , it is a nice and friendly - i appreciate the details .","great new owner , i heard - but i do n't know the details .",0.019765441873349214
9,but it probably sucks too !,but it probably so worth the money !,but it probably doesn't suck too !,0.02777619034011792
10,we sit down and we got some really slow and lazy service .,we got very nice place to sit down and we got some service .,the service was quick and responsive,0.0
11,the charge did include miso soup and a small salad .,did include miso soup and a small salad and a good salad .,the price included miso soup and a great salad,0.01553712569276035
12,there was no i 'm sorry or how did everything come out .,or how did everything was so good .,they asked how everything was,0.0
13,said we could n't sit at the table if we were n't ordering dinner .,it 's a great place to sit at the table if we were n't ordering dinner .,they said we could sit at the table with no hesitation,0.011502783619900045
14,the cash register area was empty and no one was watching the store front .,the cash register area was very nice watching the store front .,the store front was well attended,0.0
15,"there chips are ok , but their salsa is really bland .","there chips are ok , but their salsa is so delicious !",these chips are okay but their salsa is really tasty,0.0
16,the wine was very average and the food was even less .,"the wine was great , and the food was even less .",the wine was above average and the food was even better,0.0
17,staffed primarily by teenagers that do n't understand customer service .,"staffed , the best and sterile by flies , how fantastic customer service .",staffed primarily by teenagers who understand customer service,0.0
18,the burgers were over cooked to the point the meat was crunchy .,the burgers were good and to the point the meat was crunchy .,the burgers were cooked perfectly and the meat was juicy,0.0
19,blue cheese dressing was n't the best by any means .,"blue cheese dressing was the best , best by any means .",blue cheese dressing was above average,0.0
20,my pad thai tasted like thai rice noodles with barbeque sauce .,my thai pad thai rice is good and i love the noodles with barbeque sauce .,the pad thai tasted like the best I have had in a while,0.012300686288463768
21,"she said `` yes , sorry . ''",she is nice and yes she '' amazing .,she said she was pleased to help,0.0
22,the store is dumpy looking and management needs to change .,the store is clean and well dumpy looking and management needs to change .,"managment is top notch, the place looks great",0.0
23,there was only meat and bread .,meat and bread was very fresh .,there was a wide variety of meats and breads,0.0
24,"when i complained in a polite way , i was walked out the door .","the staff is always friendly and in a polite way , i was the door .",when I complained they addressed the issue,0.014628063653657535
25,she was not happy being there .,being very very nice being there .,She seemed happy to be there,0.0
26,"moving past the shape , they were dry and truly tasteless .","moving past the shape is awesome , and i guess they will definitely be back !","besides the shape, they were moist and yummy",0.014628063653657535
27,the associates program is no longer an option .,the associates are comfortable and program is very clean .,the associates program may still be an option,0.0
28,the decor was seriously lacking .,it was very clean and the decor was awesome .,The decor was nice,0.0
29,"anyway , we got our coffee and will not return to this location .","anyway , we got our coffee and would recommend it to everyone .",we got coffee and we'll think about going back,0.0
30,the sales people here are terrible .,the sales people here are very friendly and helpful .,The sales people are great.,0.021105340631872645
31,salsa is not hot or good .,"salsa is good , not hot or good .",Salsa is hot and good. ,0.023980296761827107
32,so i asked for the card to be refunded .,so i asked for the card to be treated so helpful and pleasant .,I might consider asking for the card to be refunded. ,0.0169861974906263
33,i just received a delivery order from them and essentially wasted my money .,i just received a delivery order from them and essentially perfect .,"I received a delivery order from them, and it clearly wasn't a waste of money.",0.022416933501922302
34,i was n't going to let her do a thing further to me .,i let her do n't always order a thing to direct me .,I would let her do further things for me in the future.,0.018476860420522198
35,all she did was give me the run around and lied and bs everything .,all she was extremely nice and did give me the place and around fair and pointed it .,they were very upfront and let me know everything,0.0
36,the beans were in the burro in the rice was nowhere to be found .,the beans were in the burro in the rice was great and the service was outstanding .,the beans were in the burro and the rice was plentiful,0.0
37,they tried to take advantage of me because i am young .,they did a great job and take advantage of me because i am young .,they were very fair and respected me since im so young,0.015718877363021206
38,we 've sent enough guests there who have returned absolutely livid with this restaurant .,we 've sent her enough guests there who absolutely have had and enjoyed this restaurant .,we have sent so many people there and they all praised the restaurant,0.0
39,always rude in their tone and always have shitty customer service !,i always enjoy going in always their kristen and always have shitty customer service !,"such nice customer service, they listen to anyones concerns and assist them with it",0.013217947626377298
40,they really need to work on their customer service and general attitude .,they really need to work on customer service and their general attitude and customer service .,they don't need to work on their customer service and general attitude .,0.012300686288463768
41,i skipped eating and we went back to the beer .,i like skipped eating and we had a good selection of beer ., i continued eating and later we went back to the beer .,0.020448007360218394
42,my `` hot '' sub was cold and the meat was watery .,my `` hot '' is a great place to the meat .,my `` hot '' sub was hot and the meat was tender .,0.020255986027125642
43,when i first came to phx ... yes this sounded indian to me .,when i first came to phx ... yes i loved this macaroni to me .,when i first came to phx ... yes this sounded american to me .,0.015718877363021206
44,you wo n't find a better selection in scottsdale .,one of the best places to find a better selection in scottsdale .,you wo n't find a better selection in arizona .,0.018476860420522198
45,i asked for thai hot and received very little spice .,i asked for thai hot and received very little spice and it was great .,I asked for thai hot and received plenty of spice.,0.015718877363021206
46,i was very sick the night after .,the food was great and i was so great after the night .,I felt fine the night after.,0.018476860420522198
47,"i left hungry and unsatisfied , never again .",i left hungry and it is well worth the drive !,"I left full and satisfied, will visit again.",0.018850319022747353
48,i just left this car wash and was very unsatisfied !,car wash and was very neat !,I just left this car wash and was very satisfied!,0.033031643180138064
49,"had one mediocre meal and said , `` we 'll try again '' .","had one meal and said we enjoyed , `` we 'll try again '' .","Had one great meal and said, ""we'll try again.""",0.015718877363021206
50,"the food 's ok , the service is among the worst i have encountered .","the food 's ok , the service is among great and service among .","The food is good, and the service is one of the best I've ever encountered. ",0.0169861974906263
51,this was my first stop in looking for a wedding dress .,this was my first stop in and i 'll be looking for a wedding dress .,"I'm looking for wedding dresses, and this one was my first stop!",0.014628063653657535
52,then he proceeded to tell me how to fix it .,i especially love the verdict me for how hot how i love .,He told me kindly how to fix it. ,0.018476860420522198
53,do not go to this practice they are horrible !,"such a great customer service and the melon , best practice practice .",Go to this place they are excellent!,0.01553712569276035
54,i guess she was n't happy that we were asking the prices .,"fast , fast , happy that we were asking , and the prices were great .",She was happy that we were asking for the prices.,0.012300686288463768
55,the only saving grace was the black beans .,was just as good as the black beans .,one of several saving graces was the black beans ,0.0
56,lost a long time customer !,long time and will never be a customer !,gained a long time customer !,0.028517539529041507
57,"other than that , food here is pretty gross .","other than that , food here is really good .","other than that , food here is pretty great .",0.025098621243978974
58,i was also curious about another product but he straight up walked off .,i was also curious about another product but he was very straight up .,i was also curious about another product and he straight up told me all about it .,0.0169861974906263
59,so far i 'm not really impressed .,so far i 'm not really impressed and would highly recommend this business .,so far i 'm really impressed .,0.0169861974906263
60,my groupon is only for the two windows .,it 's nice that my groupon is only for the two windows .,My groupon was available for many windows.,0.01553712569276035
61,"safeway has officially lost my business to sprouts , & fresh & easy .","safeway has officially to ranch , & is always warm & fresh .",Safeway has earned my business.,0.01553712569276035
62,"the food was pretty bad , i would not go there again .",the food was great as well .,"The food was great, I would go there again.",0.033031643180138064
63,we will not be using this location again .,i will definitely be using this location again .,I will be using the place again.,0.028517539529041507
64,this is a horrible venue .,i would highly recommend this venue .,This is a great venue.,0.039281465090051315
65,you 'll have zero appetite after the first bite .,you 'll have a smile with a smile after the first bite .,You'll be wanting more after the first bite !,0.01553712569276035
66,do n't go here unless you want to pay for crap .,tender and full of fact that our preference menu is nice and full of flavor .,Go here the food is very good !,0.0
67,but it may not actually be in stock anyway .,it 's actually not the best for the best mexican food actually in stock anyway .,Everything is always in stock here. ,0.012300686288463768
68,owner : a very rude man .,owner : a very helpful and compassionate man .,The owner was such a friendly person.,0.028517539529041507
69,this place is a terrible place to live !,this place is my new favorite place in phoenix !,This place is a great place to live !,0.021105340631872645
70,stopped by for soda after being at the hobby shop next door .,stopped by for soda after being at the hotel and enjoy being stuck next guy .,after the hobby shop i stopped in for a soda and enjoyed it,0.0
71,my dish was pretty salty and could barely taste the garlic crab .,my dish was pretty good and the beans could taste flavorful and the garlic crab .,my dish had the perfect amount of salt and the garlic crab was great,0.0
72,it looks like blended up chicken put into the shape of grilled pieces .,it looks like blended up giant owned and put in the pieces of grilled shape .,the blended up chicken was made just the way i wanted it,0.0
73,what about the time i wasted ?,what is good about the time ?,service was quick and swift,0.0
74,there are better happy hours and better beers all around mill !,they also have great happy hours and happy beers around all better options !,one of the best happy hours anywhere,0.0
75,the rooms are not that nice and the food is not that good either .,the rooms are not that nice and the food is very reasonably priced .,the rooms were spacious and food was very well cooked,0.0
76,executive chefs would walk by not even saying good morning .,executive chefs are nice and should step by saying good morning .,the excecutive chef was nice and said good morning to us very often,0.0
77,this spot was my favorite indian restaurant .,this place was definitely one of my favorite our favorite restaurant .,such a great indian restaurant,0.0
78,not even real brown sauce .,"real brown sauce , great sauce .",the brown sauce was very authentic,0.0
79,i will not revisit this course as a visitor with limited time to play .,revisit this is a nice place to stop during a bourbon problem with to play time .,i will come here very often as they give us ample time to play,0.011502783619900045
80,but was very disappointed with what actually arrived .,"the food was great , but what actually arrived was awesome .",was very happy with what arrived.,0.017033186037639283
81,his offer of a `` free dessert '' was even more atrocious .,his offer of a `` free dessert '' was even more and it was very good .,"his offer of a ""free dessert"" was even more appreciated.",0.013679192123121896
82,i was so disgusted i could not way for the rest of the day .,i was really pleased with the way for the rest of the day .,i was so full i could not way for the rest of the day.,0.0169861974906263
83,"the salads are ok , nothing special .",the salads are also very good .,"the salads are great, really something special.",0.033031643180138064
84,overall it was a miserable evening .,overall it was a very nice evening .,overall it was an exceptional evening.,0.03303164318013808
85,the woman did n't even apologize .,we had a great experience at the carolina and the woman had a great time .,she would have apologised but she was in a hurry,0.012300686288463768
86,"i expected service to be slow that morning , and it was .","i expected to service that i was very pleased with the food , and that was pleased .",there was more people than the usual so it was a little backed up,0.010802314890908065
87,zero complaints with his work .,complaints is very friendly and extremely helpful with his work .,he did a great job and continues to,0.0
88,the garlic bread was bland and cold .,the garlic bread was so delicious !,it was sitting out for a while on the counter because someone forgot it there,0.0
89,the espresso was way too hot .,the espresso was very fresh and hot .,it seems it was warmed up a tad too bit,0.0
90,i know i should have sent this back and walk out .,i know i sent this and will definitely keep coming back and walk out .,i know i shouldn't have sent this back and walked out .,0.015718877363021206
91,they wo n't tell you though .,i am very happy to tell you though .,they will tell you though .,0.028517539529041507
92,i love the food ... however service here is horrible .,i love the food ... however service here is very good and reasonably priced ., i love the food ... and service here is awesome .,0.015718877363021206
93,gammage itself however is not so amazing .,diana itself is very good and however amazing ., gammage itself however is so amazing .,0.023980296761827107
94,needless to say i will not be back for mexican food .,one of my favorite places to go for mexican food .,needless to say i will be back for mexican food .,0.018850319022747353
95,i wo n't be ordering again .,"very good food and service , and great service , wonderful value again .",my order was great and i'll do it again,0.0
96,"let me give my opinion , that 's what this site is for .","let me give my opinion , that 's what a sweetheart for this is a winner .",my opinion is great for this place,0.011502783619900045
97,she did not apologize or anything .,tender and full of fact that our preference menu is nice and full of flavor .,she apologized immensily,0.0
98,prices are just plain retail .,prices are just plain but it is worth the retail .,price were better then retail,0.0
99,but this place was not economical so the expectation was different .,but he is the best but economical so the expectation was different .,the place was exactly as expected,0.0
100,it smelled and tasted like yesterday 's oil .,it smelled so much fun and yesterday 's oil .,It smelled and tasted wonderful.,0.021105340631872645
101,"who knows , it might have been .","who knows , it might have been such a good time .",It was indeed.,0.020255986027125642
102,the beer sauce is lackluster at best .,the beer sauce is also really good .,The beer sauce was terrific.,0.02777619034011792
103,the building itself looks abandoned .,the building itself is beautiful and the prices looks great for a sweetie .,The building looks modern.,0.01428363257865929
104,we 've tried the cream pancakes as well .,we 've tried the cream pancakes as well and enjoyed it .,We loved the cream pancakes too.,0.017033186037639283
105,i 've never had a worse experience than this !,i 've never had such great service than this !,this place wasn't bad,0.021105340631872645
106,"no , i 'm not at a scottsdale club .",this is a great place to get a scottsdale club .,this was a great club,0.018850319022747353
107,if i could give zero stars i def would .,they have loved the polish and counted it 's def def .,the stars was 5 plus,0.0
108,"only now i 'm really hungry , and really pissed off .","only now i 'm really hungry , and really does a great job !",i had a great time and i'm happy,0.0169861974906263
109,"no call , no nothing .",tender and full of fact that our preference menu is nice and full of flavor .,they called to help,0.0
110,i wish i could give less than one star .,i had a good quality defensive down to i think i i had a good time .,i wish there were more stars to give,0.013679192123121896
111,the wonton was seriously lacking filling .,the wonton soup was nice and filling .,wow the wonton soup was one of a kind,0.0
112,"if i could give less stars , i would .",tender and full of fact that our preference menu is nice and full of flavor .,i would give an extra star if it allowed me,0.0
113,she could not and would not explain herself .,"the service is very good , and she is friendly and explain herself .",she explained herself great so that we understood,0.0
114,think twice -- this place is a dump .,think twice -- this place is a delicious food at a great price .,i would not think twice to visit here again,0.01428363257865929
115,i 'm not one of the corn people .,i 'm really impressed with the corn people .,I'm one of the corn people. ,0.023980296761827107
116,it 's always busy and the restaurant is very dirty .,it 's always busy and the restaurant is very clean .,"It's not always busy, and the restaurant is very clean.",0.018850319022747353
117,"even if i was insanely drunk , i could n't force this pizza down .","even if i was insanely delicious , i could n't bare anything down this place .",I could eat this pizza even if I was insanely drunk. ,0.014628063653657535
118,"as an arizona native , i have been going to the improv for years .","as an arizona native , i have been going to the aesthetician for years .","as an Arizona native, I love going to the improv.",0.017395797375642234
119,"i got there , was seated pretty quickly , and then chose my color .","i got there was clean , we got seated , pretty quickly and then chose my color .","We were seated quick as soon as we got there, then we glady chose colors.",0.014216645907653848
120,"so , no treatment and no medication to help me deal with my condition .","so service was great , no treatment and no to help me with no treatment .","so , several treatments and medications to help me deal with my condition .",0.014628063653657535
121,at this location the service was terrible .,at this location is very good and the food is delicious !,at this location the service was awesome .,0.0
122,so who do i call to get my money back .,so i love to come here that i will for help !,so who do i call to give my money to .,0.017033186037639283
123,overcooked so badly that it was the consistency of canned tuna fish .,we were pleasantly surprised that it was the consistency of tuna fish .,cooked so well that it would never be confused for canned tuna fish .,0.01553712569276035
124,i 'm stuck in a lease otherwise i would move .,one of the best places i stuck in a otherwise i would move .,i 'm not stuck in a lease and if I was i wouldn't move .,0.018798317647335087
125,service was a little slow to begin with .,service was extremely helpful and nice and a little to begin with .,service was fast and responsive,0.01553712569276035
126,only then did our waitress show up with another styrofoam cup full of water .,only then did our waitress finished up with a nice cup styrofoam full of water .,our waitress showed up quickly,0.012300686288463768
127,the food was so-so and very over priced for what you get .,the service is fantastic and the food was so-so and the food is very priced for what you get .,the food was great and perfectly priced,0.0
128,i hate to see what their delivery times are when it 's last call .,definitely will be going to see their delivery times what 's when it 's call last .,delivery times were fast,0.0
129,just went back to get the rear tire sealed and filled .,just went back to get the rear tire and it was perfect and attended .,went back and they helped me quickly on the filling,0.0
130,i expected so much better from this ny staple .,"i expected so much better from this ny , but worth the drive .",i expected so much less from this ny staple .,0.0169861974906263
131,"i had to leave a message , and they never called me back .","i recommend all my friends , and they love it .","i had to leave a message , and they quickly called me back .",0.024808415001701823
132,the food is worse than you find in the freezer section at walmart .,the food is great and you find in the freezer section at walmart .,the food is way better than you find in the freezer section at walmart .,0.01428363257865929
133,they tried real hard to get me to come back but i refused .,real hard to get me to come back but did a great job !,they didn't need to try real hard to get me to come back but i did .,0.01428363257865929
134,the security guard comes upstairs and pounds on our door demanding we open up .,the security guard comes upstairs and a great part on our exhaust door we open .,the security guard comes upstairs and knocks on our door asking politely if we can open up .,0.014628063653657535
135,i wanted to like this place but it just became a big disappointment .,but it just became one of my favorite places to go .,a place like this is a great value,0.0
136,i did n't know worker there can get tips from customer .,worker there can get a great tips from their unique stylist .,worker shouldn't get tips,0.0
137,and the cleaning is way over priced .,they have a great selection and the cleaning is very talented .,price was good,0.017033186037639283
138,they make a bad name for used car dealers .,"friendly staff , great food , large portions , make for car used dealers .",the place was a good name for used car people,0.0
139,"when i was finally there , i was very disappointed .","when i was finally there , we will definitely be back !",i had a great time once there,0.017033186037639283
140,just a frozen patty cooked like a home one .,just a frozen patty cooked like a home cooked one .,These frozen patty's are such good quality . ,0.022416933501922302
141,so sad but i am not going back any more .,"great service , huge , reasonably priced , and reasonably priced .",I will be coming back here very great experience. ,0.017033186037639283
142,this is the worst walmart neighborhood market out of any of them .,walmart market is one of my favorite places in any neighborhood out of them .,This is the best walmart out of all of them. ,0.013217947626377298
143,the new management team is horrible !,the new management team i love this place .,The new management team is great!,0.023980296761827107
144,just do n't bother ordering anything if you 're seated .,they also have a nice selection of ordering anything if you 're seated .,I would recommend ordering something once you're seated,0.01428363257865929
145,they also have lost sight of what good deli food is .,they also have a great sight of what good deli food is very good prices .,the know what good deli food is,0.012300686288463768
146,the evening started out slow .,the evening started out and it was delicious !,the evening started out with excitement,0.0
147,"i replied , '' um ... no i 'm cool .","i love the service , i love the friendly and the sam ... um 'm cool .",I said everything is great,0.011502783619900045
148,the queen bed was horrible !,the queen bed was very clean .,the queen bed was so comfortable,0.0
149,meanwhile i 'm waiting for an answer .,i 'm definitely going to waiting for an answer .,the answer came quickly,0.021105340631872645
150,"oh , i should not have asked .","oh , i was so good .","oh , i should have asked .",0.043472087194499145
151,my toddler found a dead mouse under one of the seats .,my favorite place to enjoy a inner mouse found out of the seats .,my toddler found a mouse toy under one of the seats .,0.0169861974906263
152,this place is just ok .,it 's very nice to see a great product for this place .,this place is just great .,0.018476860420522198
153,i have to say i was truly disappointed .,i have to say i was one of the best .,i have to say i was truly impressed .,0.022416933501922302
154,this is the reason i will never go back .,this is the reason this place is very clean .,this is the reason i will always go back .,0.021105340631872645
155,"furthermore , there is no sausage or bacon on the menu .","furthermore , i love the sausage or bacon on the menu .",There are plenty of sausage and bacon options.,0.020255986027125642
156,when the manager finally showed up he was rude and dismissive !,i always have a great time when the manager finally showed up !,The manager was friendly and accomodating.,0.018476860420522198
157,the office also failed to even apologize about this whole horrific experience .,the office staff was very friendly and great about also this whole experience .,The office apologized about the experience.,0.01428363257865929
158,"nope , way way worse .",where i love the way way way i love .,It was way better.,0.021105340631872645
159,there are no smiles and no customer service .,there are no smiles and the food is always fresh !,There were plenty of smiles and quality customer service.,0.0
160,"when she did n't answer him quickly enough , he hung up on her .","when answer him quickly , he was very professional by him .","When she didn't answer him quickly enough, he patiently waited on her.",0.020255986027125642
161,the fried rice was gross and there was a shit load of it .,the fried rice is good and there is a shit load of it .,The fried rice was great and there was a lot of it.,0.0169861974906263
162,"if your patio is south facing , you 're out of luck .","if your patio is south , this is a great place to go if you enjoy bowling ."," If your patio is south facing, you're in luck.",0.014216645907653848
163,plus the dude did n't even know how to work the computer .,plus the dude it is a great place to go to work the computer .,Plus the dude knew how to work the computer.,0.013217947626377298
164,overall : lost my business and recommendation for a good local camera place .,overall : nice place for a fair price and recommendation for a good local place .,Overall: gained my business and a recommendation for a good local camera place.,0.01618861356572822
165,"it was so odd , i asked her if she was joking ?",it was so odd if she was friendly and well hotter ?,"it was so funny , i asked her if she was joking ?",0.017033186037639283
166,"the food was mediocre at best , far too greasy and not cooked well .","it was very good , greasy and well .","the food was great , not too greasy and cooked well .",0.028517539529041507
167,"food was cold ( still frozen ) , i had the ribs .","i still love the food ( frozen ) still , i had the ribs .","food was hot (and fresh) , i had the ribs .",0.019765441873349214
168,"was n't busy , no biggie .","the place is nice busy , but it 's worth it .","was busy , no biggie .",0.020255986027125642
169,the bathroom area is nothing special .,the bathroom area is very clean .,the bathroom area is something special .,0.033031643180138064
170,this room that he found also reeked of smoke !,this restaurant was so good that he found also smoke !,Thank goodness the room he found didn't reek of smoke!,0.018850319022747353
171,"also , the food that is there is n't great even by buffet standards .","also , the food that is great , and there is n't even great italian dressing .",The food there is great compared to buffet standards. ,0.011502783619900045
172,so i brought my business elsewhere .,so i brought them and gave this place !,I chose not to bring my business elsewhere. ,0.023980296761827107
173,exhibit c : no more student services peeps .,arthur surgery would have one of my favorite jeans for a great novelty j .,exhibit c: I would like more student service peeps,0.0
174,so disappointing from an old favorite .,fantastic service from an old favorite .,This wasn't disappointing from my original favorite.,0.033031643180138064
175,it shows because on a saturday night there was n't a long wait .,it shows like a nice place on a saturday night long wait .,didn't have to wait long,0.01553712569276035
176,tzatziki sauce had way too much dill in it .,tzatziki sauce is also very good and much dill in it .,the tzatziki sauce had the right amount of dill,0.0
177,the texture of the meat just looked and tasted wrong .,the texture of the meat and the food is excellent as well .,texture of the meat was perfect,0.0
178,i will never visit the salon again .,i will definitely order from the salon again .,i will go back to the salon,0.023980296761827107
179,they only received one star because you have to provide a rating .,"service is excellent , and they only have received you to provide a rating .",they received lots of stars,0.013217947626377298
180,i would n't go back there again .,i will definitely eat there again .,i would visit there again if the price was right,0.033031643180138064
181,this was by far the rudest person i spoke with .,this was by far the rudest person i spoke with the best service .,they are usually very warm,0.0
182,the rest of their food is edible but their employees and service are horrible .,the rest of their food is but their employees and service are friendly and helpful .,the food is great but the employees werent moving fast enough ,0.0
183,"as for the food , never had it .","as for the food , it was very good , never had good breakfast .",the food was different,0.0
184,"however , the tech said nothing to me about this .","however , the tech me : this is one of my favorite places to go .",the tech did not realy mention this,0.0
185,i 'm from the bay area and this was a disappointment and over priced .,i 'm in the area from bay and this was very pleased and over priced .,i 'm from the bay area and this was a pleasant surprise and well priced .,0.014628063653657535
186,my mom ordered the teriyaki chicken bento box and i ordered the sashimi box .,my mom ordered the teriyaki chicken bento box and i ordered the loved their bento box .,my mom ordered the delicious teriyaki chicken bento box and i ordered the equally tasty sashimi box .,0.013679192123121896
187,i ordered garlic bread and fettuccine alfredo pasta with vegetables .,i ordered garlic bread and fettuccine alfredo and i love the pasta with alfredo .,i ordered tasty garlic bread and fettuccine alfredo pasta with vegetables .,0.015718877363021206
188,it does not take that long to cook sliders !,the staff are very friendly and take that long to cook sliders !,it didn't take that long to cook our sliders !,0.01553712569276035
189,the sandwich was not that great .,the service was good and i took the right sandwich the sandwich as well .,the sandwich was great .,0.015718877363021206
190,the man did not stop her .,the man was very nice and very helpful and always stop her .,the man stopped her.,0.01553712569276035
191,um ... we just told him that we did n't want to finance .,um ... we always get great service that we finance .,"um...we just told him, sure we'd go ahead and finance!",0.018850319022747353
192,"tasted really old , i could n't believe it .","tasted really old , and very nice .","tasted really fresh, i couldn't believe it.",0.03303164318013808
193,it is also quite expensive for my taste .,it is also quite pricey but well worth it for my taste .,"it is also very affordable, just to my taste.",0.01553712569276035
194,food was alright maybe we should have ordered off the mexican menu .,"food was alright , wonderful ordered off the mexican menu .","food was very good, we ordered off the mexican menu.",0.022416933501922302
195,"lastly but not least , their brownie desert was ... meh .","lastly but not least , their brownie was a pretty good desert ... horchata .",the brownie dessert was to die for,0.013217947626377298
196,it shows that this restaurant has no class .,it shows that this restaurant is always clean and helpful .,the restaurant had a lot of style,0.0
197,one broken thing after another they do n't care to address .,one thing after the incident is the best i have ever after to address .,the addressed all the broken items,0.013217947626377298
198,we 've been to this long established restaurant many times .,we 've been to this long established restaurant and will definitely be back again many times .,the restaurant has been great throughout the years,0.0
199,my plate looked nearly half empty except for the small container of cole slaw .,my plate looked nearly half for the small computers and got a great garlic array .,my plate was full of food,0.012300686288463768
200,"when i arrived , no one was at the desk .",i was so happy when i arrived at the desk .,"When I arrived, someone was at the desk.",0.022416933501922302
201,we gave it another 5-10 minutes before we got up and left .,we gave it another 5-10 and was so happy .,"We gave it another 5-10 minutes, then decided not to leave.",0.021105340631872645
202,"even the ice cream was very , very run of the mill .","even the ice cream was very yummy and very , very sort of the seating .","Even the ice cream was very, very unique and good.",0.014628063653657535
203,wendy 's has been know to be cheap with their drink refills for years .,wendy 's has been mean to be tasty and i love their cheap with their drinks .,Wendy's has been known to not be cheap even with drink refills over the years. ,0.013679192123121896
204,as soon as they delivered i was like ugh .,will definitely go back as soon as they delivered i was like !,As soon as they delivered I was in awe.,0.01553712569276035
205,the service is mediocre and the restaurant is just average .,"the service is very good , the restaurant is just average .","The service is excellent, and the restaurant is way above average. ",0.020255986027125642
206,but i darn sure could have cooked this one .,but i darn sure that could have been this one is great every time .,"This is so good, that I guarantee I couldn't have cooked it better!",0.013217947626377298
207,just terrible is all i can say .,amazing is all i can say .,"This was great, is all I can say.",0.039281465090051315
208,did they not have a fountain machine on site ?,did they have a good selection of fountain lights on site ?,I bet they have a fountain machine on site!,0.017033186037639283
209,his egg sandwiches stink like feet and are slimy .,they also make a egg sandwiches like hipsters feet and are served like great .,His egg sandwiches smell good and I like the texture.,0.015718877363021206
210,"stay away , and go to cheesecake instead .","i would highly recommend this place , and go to cheesecake as well !",this was a great place to go,0.01428363257865929
211,"we stood there in shock , because we never expected this .","we had the best in town , shock because we never expected this .",we love every moment we were there,0.0
212,"i 've eaten here many times , but none as bad as last night .","i 've eaten here many times , but none the last night was the best .","eaten there many times, great place",0.014628063653657535
213,always takes way too long even if you 're the only one there .,always takes quick service and great food even if you 're the only one there .,the place was quick and i was the only one,0.0
214,"however , everyone else paid after their nails were completed .","however , everyone else arrived after they were extremely happy with their baklava were .",everyone paid at the same time,0.0
215,"so , that was my one and only time ordering the benedict there .","so , that was my one and only lovely time ordering the paperwork again .",I will be ordering the benedict again very good meal!,0.0
216,"overall , i do n't enjoy the place very much .","overall , i enjoyed the place the enjoyed it very much .",Overall i love this place very much,0.017033186037639283
217,"one of the employees apologized , but it did n't seem very sincere .","one of the employees apologized , very knowledgable , knowledgeable and sincere .",The employee apologized and was very sincere. ,0.01553712569276035
218,there is a reason they can get you in fairly quickly .,there is a reason they can get you in and is well fairly priced .,They were so quick and they get you in very quickly.,0.015718877363021206
219,is zero stars an option ?,is an option i highly recommend this place ?,I would rate this 5 stars!,0.023980296761827107
220,"in the long run , they did absolutely nothing for me .","in the long , i went with the register , they absolutely was very pleased with me .","in the long run , they were so helpful",0.01284618972676772
221,but let this story begin at noon today .,but i was very happy to let this story begin at noon today .,"story began at noon today, right on time",0.01428363257865929
222,"seriously though , i have never shopped here .","seriously some of the best italian food though , i have never shopped here .",i should shop here more often,0.013217947626377298
223,it is the absolute worse place in the valley .,it is some of the absolute best mexican food in the valley .,one of the gems in the valley ,0.0
224,but their inventory was questionable !,but their inventory was the best in the longest !,"their inventory was top notch , great selections",0.0
225,chicken fried chicken was dry but the green chili macaroni and cheese was good .,chicken fried is great but the green chili is good but the macaroni and cheese is good .,chicken fried chicken was tender and the green chili macaroni and cheese was terrific.,0.010802314890908065
226,so he can charge a bloody fortune for them .,and it is always so fresh and the salsa is a local baklava for them .,so he can charge a reasonable price for them.,0.014628063653657535
227,were we irritating her or something ?,we were her and highly recommend this place or something ?,were we impressing her or something ?,0.018850319022747353
228,this place has pissed me off for the last time .,this place has some good service for the last time .,this place has delighted me once again.,0.018850319022747353
229,do not sign a lease with these people .,it 's a great place to take a sign with these people .,sign a lease with these people immediately.,0.018476860420522198
230,do n't waste the trip .,service is quick and great to the chain .,the trip is to die for,0.0
231,had to returned one entree because too cold .,had to returned one entree because it was well worth it !,every entree came out perfect,0.0
232,the restroom was a mess .,nice and clean the containers the restroom was clean .,the restroom was clean,0.0
233,i mean that 's been my experience !,i mean that 's been an amazing experience !,I always have a good experience,0.023980296761827107
234,the beef taco was good but nothing special .,the beef taco was good and it was good .,the beef taco was really good,0.0
235,either way i would never recommend buying from camping world .,either way we had a really good buying from florida world .,either way i would recommend buying from camping world.,0.020255986027125642
236,i went to sit down and wait for my order .,i went down to sit and wait for this place is the best place in town .,"excited, I went to sit down and wait for my order.",0.013679192123121896
237,its also not a very clean park .,its also not a very clean and will be going back .,its also a very clean park.,0.020255986027125642
238,i tried to call repeatedly with no response .,the salespeople and staff are very polite and pleasant when repeatedly with him ?,i called and got an immediate response.,0.0
239,"they charged me for work not done , and parts not installed .","excellent customer service , great customer service , for work , and parts not installed .","they only charged me for work done, and parts installed.",0.014628063653657535
240,it looks old and outdated .,it looks fast old and the food is always fresh and fresh !,It doesn't look old or outdated,0.0
241,he did not return my call either .,"friendly service , he spent excellent customer service .",He returned my call,0.0
242,if you travel a lot do not stay at this hotel .,would highly recommend this place if you travel a lot at this hotel .,If you travel a lot stay at this hotel,0.01428363257865929
243,i would rather wait for hot food than have it cold and soggy .,"wait for hot food is high quality than it , very good .",I don't mind waiting for hot food,0.0
244,the food here is bland and boring and bad .,the food here was very good and reasonably priced .,the food here isn't bland or boring,0.0
245,this one is not on the ball .,this one is very nice and not on the ball .,this one is right on the ball.,0.018850319022747353
246,"for the record i am a good cook , i use seasoning !","for the record i am a good cook , i need an amazing seasoning !","for the record i am a terrific cook, i use all kinds of seasoning !",0.018693000799960027
247,the tow package is not an issue either .,the tow package is very good and the food is perfect .,"the tow package is just great, too.",0.017033186037639283
248,"very crowded , difficult to have a chance to actually have a good time .","very crowded , difficult to have a chance to actually have a good time .","never crowded, plenty of opportuinity to have a good time.",0.017395797375642234
249,i think it 's terrible when employees act that way .,i think it when they work customers like that it is the best way .,i think it's wonderful when employees act that way.,0.015718877363021206
250,i 'll keep looking for a different salon .,"great place , i 'll keep looking for a different salon .",i won't keep looking for a different salon now.,0.022416933501922302
251,you can not pay me to ever shop here !,the staff is always friendly and helpful and you can ever shop here !,you can not pay me to not ever shop here !,0.01428363257865929
252,"french toast plate was good , mom said , but eggs were cold .","french toast plate was good , mom said , but eggs were amazing !","french toast plate was good , mom said , eggs were hot .",0.01428363257865929
253,"now the food : not horrible , but below average .","now the food was outstanding , the food was outstanding , not outstanding .","now the food : not bad , above average .",0.0169861974906263
254,this is easily the worst greek food i 've had in my life .,this is easily the best greek food i 've had in my life .,this is easily the best greek food i 've had in my life .,0.0169861974906263
255,no stars is what in want to give .,one of the best i have is what in want to give .,I want to give this a 5 out of 5 star rating.,0.018476860420522198
256,when it came we should have sent it back .,when it came we the food was delicious !,When it came we were so happy . ,0.0
257,the equipment is so old and looks dirty .,the equipment is so great and the store is clean and looks fresh and organized .,The equipment is very new and looks good.,0.012300686288463768
258,i 'm not willing to take the chance .,everyone was very nice and i 'm not willing to take the chance .,Im willing to take the chance!,0.01428363257865929
259,this place smelt like old urine for some reason .,this place was great and i smelt like old for some reason .,This place smelt new and fresh .,0.018476860420522198
260,bottom line they over promise and under deliver .,bottom line they over everything and it 's definitely a great place under deliver .,They always deliver and keep promises very happy customer,0.013217947626377298
261,i dont know why i was expecting anything different .,i was expecting it more and will definitely be back and different .,This is exactly what i was expecting!,0.01553712569276035
262,nothing that special about this place .,nothing that special about this place .,Everything was so special about this place ,0.0
263,razz 's failed on every occasion .,i have always had a great experience 's on every occasion .,Razz accomplished everything ,0.020255986027125642
264,management no longer cares about the golf experience .,management and staff are always helpful and management cares about the golf experience .,The management cares so much for the golf experience .,0.01428363257865929
265,"20-30 % capacity at most , i was the only one in the pool .","nice 20-30 inches door at most , i was the only one at the pool .","20-30% capacity at most, I enjoyed being the only one in the pool.",0.01618861356572822
266,the chow mein was very mushy and had weird texture .,the chow mein was very delicious and had the right amount of texture .,The chow mein was very consistent and had a nice texture.,0.01428363257865929
267,found the place even though it is hard due to bad signage .,found the staff and friendly staff even though it is hard due to signage .,Found the place even though it is easy due to good signage.,0.013217947626377298
268,not sure and i do n't care !,they did a great job on the kids and i and i did a great job .,"Am sure, and I care!",0.011502783619900045
269,two hours of my life i can never get back .,one of the best hours of my life i can never get back .,Two hours of my life I was happy to give up.,0.0169861974906263
270,dropped off my red purse and three pair of black shoes .,dropped off my baggage and they have the best red three cuts of grass .,Very great experience with the red purse and wonderful black shoes. ,0.013217947626377298
271,very disappointed and would stay clear of this place .,would stay clear and recommend this place .,Very happy right now and will re visit in the future to this place.,0.02777619034011792
272,"service fair , pace was bad between courses - long waits .","great place , quick service , with great quality pace between courses - long waits .","Service was great, Very short wait time , highly recommend.",0.014628063653657535
273,"second time , not so good .","second time , ok , but not so good .",Very great time here for the 2nd time.,0.021105340631872645
274,the bread was soggy and the dip was inedible .,the bread and the dip bread was so good .,"The bread was amazing, and the dip was incredible",0.0
275,he did n't even offer another time for me to come in .,another one of my favorite places for me to come in .,he readily offered another time for me to come in.,0.017033186037639283
276,what the hell are you doing ?,thank you so much for making the doing ?,what's that interesting thing you are doing?,0.023980296761827107
277,the lady at the front desk was not very friendly .,the lady at the front desk was very nice .,the lady at the front desk was very friendly.,0.021105340631872645
278,"i was not impressed , and would not recommend this place .","i love this place , and i will be a regular card .","i was impressed, and I'd recommend this place.",0.021972813874997166
279,the dipping sauce was too sweet too .,the dipping sauce is nice and sweet too .,the dipping sauce was pleasantly sweet as well.,0.023980296761827107
280,"finally , the cheese crisp was tiny and was anything but crisp .","finally , the cheese crisp was tiny and anything was crisp but delicious .",The cheese crisp was perfect and crispy. ,0.01428363257865929
281,"i checked online , and the coupon site said my certificate was good .","i checked online , and the coupon site said my appointment was very good .",I was able to use my certificate because it was good still.,0.015718877363021206
282,"liar , liar , pants on fire .","highly recommended , great burgers , jalapenos on fire .",truth truth be told !,0.0
283,"parking : no signs or anything , so you just have to guess .","parking or anything signs , so you just want to love this bar .",Very great parking signs very easy parking experience. ,0.01428363257865929
284,i should have stuck with sun chinese dining .,"stuck with sun chinese , good food , great steak .",This was a very great place to dine in at.,0.018850319022747353
285,not so great food and service .,not so great food and service were very good .,pretty great food and service.,0.021105340631872645
286,this is an old worn out hotel .,this is an old family favorite hotel .,this is an old vintage hotel.,0.02777619034011792
287,the pizza is offered without toppings and it 's lacking in flavor .,the pizza is offered without toppings and it 's all so good .,the pizza is great without toppings and it's packed in flavor.,0.01553712569276035
288,the mechanics are very amateur as usual .,"the mechanics are very amateur , nice , and knowledgeable as usual .",the mechanics are very professional as usual.,0.01553712569276035
289,this place is beyond a shit hole .,this place is beyond the best .,this place is beyond a great place.,0.033031643180138064
290,this place is a shit hole with shit service .,this place is a cool place with shit service .,This place is very nice with great service.,0.025098621243978974
291,"however , it turned out to be nothing like i thought it would .","however , it turned out to be nothing like i thought it was so good !",This turned out exactly how i thought it would. ,0.012300686288463768
292,"went back in for adjustment , realized still incorrect .","went back in for adjustment , but good service and friendly service .",Went in for an adjustment and everything worked out .,0.01553712569276035
293,service was just as disappointing .,service was just as wonderful and the food was fantastic !,The service was amazing. ,0.0
294,i do not recommend anyone to this starbucks .,i will definitely be returning to this starbucks .,I would recommend everyone to try this starbucks,0.023980296761827107
295,the only thing i was offered was a free dessert .,the service was great and it was offered was a free dessert .,the only thing i wasn't offered was a free dessert .,0.018476860420522198
296,management does not seem to care .,tender and full of fact that our preference menu is nice and full of flavor .,management really seem to care .,0.012300686288463768
297,"i had a horrible experience , and i sadly would not come back .","i love this place , and i will be back ."," i had a great experience , and i happily would come back .",0.024808415001701823
298,it is not really brown rice .,the service is always good and it is not really brown rice ., it is really brown rice .,0.01553712569276035
299,did n't even get a response .,took great care of us now .,even got a response .,0.033031643180138064
300,"needless to say , i contacted the store manager directly after leaving .","needless to say , i contacted the store manager directly as well worth it .",i contacted the store manager and he gave us a great compensation,0.013217947626377298
301,my wife came in for alterations and was treated quite rudely .,my wife came in for alterations and was treated quite great .,the staff treated her nicely when she came in for her alterations,0.0
302,i ordered a cesar salad with a side of blackened chicken .,i ordered a cesar salad with a side of blackened chicken is good .,the ceasar salad and blackended chicken were to die for,0.0169861974906263
303,"had it not been so terribly hot , it would have just been inconvenient .","had it not been hot , friendly and just been so engaging and happy .",the establishment had the perfect temparature,0.0
304,she did offer me a copy if i would like a soda while waiting .,she did offer me a copy and one if i would like a whole light break .,she offered me a soda while i waited which was very nice,0.013679192123121896
305,i emailed to let them know but they apparently dont care .,"i emailed to let them know apparently , but they clearly know a great customer .",I emailed to let them know they really do care.,0.01618861356572822
306,i suppose id forgotten how bland their offerings really are .,i suppose id how their offerings really is one of the best in the valley .,I almost forgot how great their offerings really are!,0.012300686288463768
307,it did n't get finished .,just as good as it finished .,I bet it's going to get finished.,0.033031643180138064
308,we will not be coming back .,i was very impressed with the university chicken .,We will definitely be coming back!,0.023980296761827107
309,"he could n't actually read her pressure , though .","actually read her pressure , and it was good though .","He could really read her pressure, though.",0.022416933501922302
310,"absolutely terrible , do not order from this place .",absolutely definitely a fan of this place .,"Absolutely fabulous, do order from this place.",0.03303164318013808
311,"ate kicked ass , marquee , not so much .","they have great service , tipped kicked ass , vinny , not so much .","ate kicked ass, marquee, pretty good too.",0.015718877363021206
312,even the water tasted horrible .,the service is always good even the water even the service is good .,Even the water tasted great.,0.01428363257865929
313,and the food is simply not as good as the other locations .,and the food is simply not as excellent as good as the other locations .,and the food is simply as good as other locations.,0.013217947626377298
314,sounds good does n't it ?,sounds good and the food is always fresh and everything is always fresh and ?,Sounds great doesn't it?,0.013217947626377298
315,but it was disgusting and hot in there .,the food is good but they have the best hot in there .,the ac was not working properly but its usually a good temp in there,0.0
316,"yes , the portions were large , but size is n't everything .","yes , the portions were large , but size is n't perfect for everything .",it was large and good enough for 2 people,0.0
317,it was over fried and very hard .,the food was very good fried and very hard .,it was a little overcooked,0.0
318,i have not received such an attitude toward a customer before .,i have such a great experience at such a glowing customer before .,he is usually on the calmer side but he must have been having a bad day,0.018476860420522198
319,the overall prices are not competitive with frys .,"the food is good , and the prices are not competitive with frys .",the prices are on par with frys,0.0
320,too bad it was at the expense of the other customers .,i was very impressed at the expense of the other customers .,too bad it wasn't at the expense of the other customers .,0.020255986027125642
321,"we 'll see if that happens , but i 'm not holding my breath .","the food was excellent and we 'll see if that happens , holding my breath .","we 'll see if that doesn't happen , but i 'm not holding my breath that it won't .",0.014628063653657535
322,and management does n't do anything about it .,the service is always great and it is always excellent and it .,and management does something about it .,0.01553712569276035
323,no wonder these restaurants are closing up all around the valley .,no wonder these restaurants are closing up all i have found around the valley .,no wonder these restaurants aren't closing up all around the valley .,0.015718877363021206
324,what were you going to charge me when i purchase a dozen bagels ?,"the food is excellent , what were you going when i purchase a dozen bagels ?",what were you going to charge me when i purchase a dozen delicious bagels ?,0.01618861356572822
325,i 'm still craving my drunken noodles !,i 'm still craving my drunken noodles !,i 'm still craving my awesome drunken noodles !,0.03303164318013808
326,these days the quality is pretty lousy .,these days the quality is pretty awesome as well .,these days the quality is pretty up to par .,0.021105340631872645
327,this woman should not be in the service industry in az with that attitude .,this woman is perfect in the service industry in az with that attitude .,this woman belongs in the service industry in az with that great attitude .,0.01428363257865929
328,service was average but could not make up for the poor food and drink .,service was average but they were great with the drink and out with the kids .,service was above average as well as the food and drink .,0.012300686288463768
329,my husband had to walk up to the bar to place our wine order .,my husband had to walk up to the bar to place it was worth our check .,my husband didn't have to walk up to the bar to place our wine order .,0.011502783619900045
330,"and the pizza was cold , greasy , and generally quite awful .","great pizza and the greasy pizza , and generally quite good service .","The pizza was warm, not greasy, and generally tasted great. ",0.018476860420522198
331,maybe they were having a bad night ?,food was really good and we were so happy ?,I don't think they were having a bad night. ,0.0
332,this place is dirty and run down and the service stinks !,this place was great and so the service !,"This place is clean, not run down, and the service was great.",0.0
333,the only thing we received that was hot was the coffee .,we received great service and loved that was hot the coffee was fresh and quick .,Everything was hot including the coffee. ,0.012300686288463768
334,"so , it went in the trash .","so , it went a great experience .",I would never put it in the trash.,0.03303164318013808
335,"it was embarrassing for all involved , though i do n't think he noticed .","it was embarrassing for a nice place for studying , though talking everything else .",it was fun for all there,0.013217947626377298
336,"so i ordered my tires online , scheduled an appointment for two days out .","so i ordered my tires online , scheduled an appointment for two days off .",the ordering was quick and the appointment easy,0.013217947626377298
337,"hopefully , i do n't take any bed bugs with me .",hopefully i have always had any good experience with me .,no bed bugs will go with me,0.018850319022747353
338,"the beer is n't bad , but the food was less than desirable .","the beer is reasonably priced , but the food is decent and expensive .",beer and food were both great,0.0
339,"when it finally came out , it was bad .","when it finally came out , we will definitely be back !",it came out and was great,0.0
340,talk about false advertising so call before you go !,they have a great selection and talk about so before you call the business !,No need to call before you go.,0.013217947626377298
341,the food is n't too bad but the service is terrible .,the food is n't great but it is good .,The food was good and the service was good.,0.021105340631872645
342,"crab cakes , salt , no other flavor .","we really enjoyed the crab cakes , salt , no other flavor .",Crab cakes were salty and delicious.,0.01553712569276035
343,but the customer service ruins it all for me .,but the customer service is well worth it all for me .,The customer service made it for me.,0.017033186037639283
344,"i just walked out , called the manager to complain .",i loved the ducks called the service the best i have tried .,I walked over and called the manager to compliment.,0.018476860420522198
345,i was very disappointed with this place .,i was very impressed with the university chicken .,I wasn't disappointed with this place at all. ,0.028517539529041507
346,so you are n't my problem . '',you are so `` best . '',"Don't worry, you weren't my problem. ",0.033031643180138064
347,"unfortunately , the tour guides are not experts .",tour guides are informative and helpful experts .,The tour guides are experts.,0.02777619034011792
348,geez i need to find a source for those uni blocks ... .,"geez is great , i need to find a framing for amazon general area .",I don't think I need a new source for those uni blocks,0.015718877363021206
349,she does n't say anything and just walks away .,"good service , good service , good friends , and anything just walks away .",She doesn't walk away and has plenty to say.,0.013217947626377298
350,"the others ordered the short rib hash , also over-cooked and dry .","the others ordered the short rib hash , also , loved the sauces .",The short rib hash was perfectly cooked and juicy.,0.01428363257865929
351,the staff was nowhere to be found .,"the happy hour is a great deal , the staff was really nice .",The staff was consistently present.,0.0169861974906263
352,it tasted like melted plastic and had the same tough consistency .,i enjoyed the plastic melted and had the same tough consistency .,It tasted amazing and had a great consistency.,0.020255986027125642
353,it did n't matter of she is good at all other times .,i love this place the matter of it is lots of other times .,She is good at any time.,0.0169861974906263
354,i acknowledged this and he went back to take care of the bill .,this place is a gem and i went back to take care of the bill .,He took care of the bill himself.,0.01618861356572822
355,save your money & your patience .,the staff is extremely friendly & gentle and your patience .,No need to worry about patience.,0.018850319022747353
356,what a waste of my time and theirs .,and i was pleased with theirs .,What a wonderful use of my time.,0.039281465090051315
357,"one was for my dog , and one was for my wife 's dog .","one was quick and friendly for my house , and one was my family 's for dog .",Two for my dogs equally.,0.010802314890908065
358,"my fault for not looking more closely , i guess .",not the need more hot and the staff are always successful and friendly !,I looked really close.,0.0
359,the server was n't buying .,"the server was professional , friendly and courteous and prompt .",The server was totally buying.,0.018850319022747353
360,worst customer service i have ever had .,possibly the best chicken i have ever had .,best customer service i have ever had .,0.028517539529041507
361,sad what has happened to this sandwich shop .,i have had a great time what happened to this sandwich shop .,great what has happened to this sandwich shop .,0.020448007360218394
362,"and for this reason , i wo n't return .","and for this , this place is the best place ever !"," and for this reason , i will return .",0.017033186037639283
363,this branch is getting worse and worse .,this branch is one of the best in the valley .,this branch is getting better and better.,0.018850319022747353
364,they failed to tell us eating in the bar was an option .,tell us eating in the bar food was great .,they happened to tell us eating in the bar was an option .,0.021105340631872645
365,they can thank you for the low rating .,they can thank you for taking such good care of the service .,they can thank you for a good rating,0.0
366,i did n't even eat it .,tender and full of fact that our preference menu is nice and full of flavor .,i ate all of it,0.0
367,this was the first time i ever cried from a haircut .,this was the first time i ever witnessed i got a different haircut .,this was the first time i ever cried of happiness from a haircut,0.0169861974906263
368,there was no personality to our server .,the staff is always friendly and quick to our server .,there was a friendly server with a great personality,0.0
369,"if i was n't with my coworker , i would 've walked out .","if i with my coworker , i will definitely go back .",if I wasn't with my coworker I would've danced for joy,0.017033186037639283
370,i did n't know ra was a chain .,ra was a good place to stop .,"Ra was a chain, wow im impressed",0.02777619034011792
371,i 'm sure they must get it right some days but not this day .,i 'm sure they can get well it fool out of this day .,"they got it right, didnt take them long",0.01428363257865929
372,went to the sunday brunch to celebrate our daughter 's college graduation .,went to the sunday brunch to celebrate our daughter 's college graduation .,went to sunday brunch and had a great time with my daughter for her graduation,0.0
373,this is the third time they 've messed up that spice .,this is the third time they 've messed up that they have great spice .,the got the spice right this time after a few tries,0.0
374,"the game room is a waste of time , energy and money .","the game room is really cool , with great energy and money .","game room was pretty decent, well worth the price",0.01553712569276035
375,i also told him i would leave him some good feedback online .,i also would recommend him to everyone i leave some good feedback online animals .,I told him I would leave excellent feedback online.,0.015718877363021206
376,"however , the manager came back & told me my order was coming up .","however , the manager came back & told me the food was right up .",The manager told me my order was coming up any minute!,0.0
377,is that a good thing or a bad thing ?,is that a good thing that 's a thing or a good thing ?,"I bet it's a good thing, and not a bad thing. ",0.01428363257865929
378,maria the manager is a horrible person .,maria the manager is a great customer service person .,Maria the manager is an outstanding person. ,0.025098621243978974
379,it was so much not good that i just wanted out of there .,it was so much fun that i just wanted to eat there .,It was so good that I didn't want out of there.,0.018476860420522198
380,"we told them to forget it , we did n't want to wait .",everyone here is always pleasant and helpful and we wait to .,"we told them not to forget it , we wanted to wait .",0.017033186037639283
381,"first , the bartender was an a -- hole .","first , the bartender was a very clean and an `` pleasure to patronize .","first , the bartender was awesome .",0.017395797375642234
382,absolutely ridiculous stay away from this place .,i was very impressed with the university chicken .,"absolutely awesome, can't stay away from this place .",0.028517539529041507
383,i guess even great restaurants have bad days .,"very friendly people , good food , great service , even great restaurants days .",i guess great restaurants don't have bad days .,0.013217947626377298
384,"oh well , who cares ... right ?","oh well , i love that obviously know ... right ?","oh well , they care ... right ?",0.024808415001701823
385,we will spend our money elsewhere .,we will definitely spend our friends and family and family !,we will definitely be spending more of our money here,0.0
386,i will never purchase another lv bag again .,another one of my favorite places in lv bag again .,i will be back to get another lv bag,0.0
387,uneven pieces and falling apart -- i paid for that .,pieces and beer is an excellent value -- for that .,"great pieces all even, glad i paid the price i paid",0.0
388,we did n't leave with anything that day .,we leave with everything that is fresh and water .,we left with a lot of things that day,0.0
389,"horrible , horrible , horrible service !",tender and full of fact that our preference menu is nice and full of flavor .,"such great service, cannot praise it enough",0.0
390,now it is not so thin and taste like any other pizza place .,now it is a great place to stick and taste like any other pizza place .,It's thin and tastes amazing.,0.014628063653657535
391,this piece of shit gave me wonton crackers for my soup .,this piece of shit gave me great wonton wonton soup for my soup .,I had delicious crackers for my soup.,0.01428363257865929
392,i 'm not a fan of huge chain restaurants .,i 'm a huge fan of boba restaurants .,I love huge chain restaurants.,0.03155984539112946
393,the rice was cold and hard and the taste was very bland .,the rice is great as well and the taste is good as well .,The rice was warm and the taste was great.,0.01428363257865929
394,you can not judge people based on appearance .,"the food is excellent , you can not post price on appearance .",You can judge people based on their character.,0.01553712569276035
395,you are not the only place in town with decent pizza .,you are one of the best places in town with decent pizza .,decent pizza they had here,0.0
396,the thai basil pasta came out lukewarm and spicy .,"the thai basil pasta came out very good , and is very good quality .",the pasta came out great and tasty,0.0
397,no courtesy and their food is pathetic .,no courtesy and their food is always great .,the food was great and very courteous,0.0
398,i would never reccomend anyone to live here .,i highly recommend you reccomend to anyone and i definitely want to live here .,would recommend anyone to live here,0.013217947626377298
399,had to wait a month to get in .,i will definitely have to wait a month to get in .,got in quickly,0.017033186037639283
400,great food but horrible staff and very very rude workers !,"great food , awesome staff , very personable and very efficient atmosphere !",great food and excellent staff and very very nice workers.,0.0
401,it was my last weekend visiting my folks .,it was my last weekend visiting my husband and we will definitely be coming back !,It was my favorite weekend visiting my folks.,0.0
402,next dish was moo goo gai pan to which the sauce is the secret .,next dish was moo gai similar ingredient which to the taste at its a great dish .,next dish was moo goo gai pan to which the awesome sauce is the secret.,0.013679192123121896
403,do not go here if you are interested in eating good food .,if you are interested in this place is the best place in the valley .,do not go here if you are interested in eating bad food.,0.013217947626377298
404,prime rib was fatty and not cooked per requested .,"prime rib was fatty , tender , flavorful and requested .",prime rib was not fatty and was cooked per request.,0.018850319022747353
405,tonight i lost all respect for this company .,tonight i had a great experience for this company .,I gained more respect for this company.,0.02777619034011792
406,safe to say we will be going to other walgreens locations from now on .,safe to say we will be going to other walgreens locations from now on .,We will stay with this walgreens location.,0.013217947626377298
407,i may make it back to the bar but i will skip the restaurant .,i may make it back to the bar but i will recommend this restaurant .,I'm going back to the bar and making it to the restaurant.,0.015718877363021206
408,"let me tell you , this place was far from busy !","let me tell you , this place is really really good !",The place was incredibly busy.,0.0
409,"it 's not much like an actual irish pub , which is depressing .","it 's not much like an actual irish pub , which is my favorite .",It's like an actual irish pub.,0.013217947626377298
410,the birthday surprise has been ruined as well as her special day .,the birthday surprise has been awesome as well as her special day .,The birthday surprise was a success as well as her special day.,0.01553712569276035
411,included in this price was a credit card fee and an after midnight fee .,check in that was almost a perfect credit card and the fee was smaller and after april .,Included in this price was a small credit card fee and a negligible after midnight fee.,0.01284618972676772
412,the only item was able to eat was the soggy broccoli beef !,the only item was able to eat was the fresh and the broccoli beef !,The other item I was able to eat was the wonderful broccoli beef! ,0.013217947626377298
413,"other than that , i really do n't know what was good about it .","other than that , service was good and so was good about it .","Other than that, I really don't know what was bad about it.",0.0169861974906263
414,the food is not that authentic .,great service and the food is not that authentic .,The food is very authentic.,0.021105340631872645
415,"actually , just keep walking .","actually , just keep walking a great time .","actually, go on in.",0.03155984539112946
416,"unfortunately , it is the worst .",tender and full of fact that our preference menu is nice and full of flavor .,"fortunately, it is the best.",0.012300686288463768
417,the place has obviously gone downhill over the years .,the place has obviously took great care of over the years .,the place has obviously improved over the years.,0.017033186037639283
418,not so much these days .,not so much it was a great place to go with these days .,much more these days.,0.0169861974906263
419,did n't feel like dealing with the restaurants closer to asu .,i had a great time dealing with the restaurants closer to asu .,looked forward to experiencing the restaurants closer to asu.,0.020448007360218394
420,this is the worst panda express location there is !,panda express there is the best location !,this location is not that great but it was great before,0.0
421,the door would n't open at all .,always hot and fresh as the door to the door .,the door was jammed,0.0
422,my services were very rushed and she did n't even do a good job .,my services were great and they do a good job .,services were fast and we tried to help everyone equally fast,0.018850319022747353
423,the ceiling air conditioner in the hallway is very loud .,the ceiling air conditioner in is absolutely beautiful and timely .,there might be something wrong with the hallway ac but it has since been fixed,0.0
424,we then placed our order with our extremely rude and apparently completely overwhelmed server .,we then placed our order with our apparently completely overwhelmed and was very friendly server .,the order was placed but the waiter did not get everything right so he asked them to repeat the order,0.0
425,i may just post pictures to prove their shoddy work .,i may just post pictures and will continue to cook their work .,i may just post pictures to prove their high quality work .,0.018476860420522198
426,it is way overpriced ( compare to what they serve !,it is definitely one of the best places to write ... if they wanted to serve !,it is way under-priced ( compare to what they serve !,0.011502783619900045
427,this is a terrible college .,this is a great place for a quick and a wonderful college .,this is a great college .,0.018476860420522198
428,my jack and coke was seriously lacking .,my jack and coke was huge and very tasty .,my jack and coke was seriously popping .,0.021105340631872645
429,"sadly , i will probably never be able to eat at this place again .",i will definitely be able to eat at this place again .,"happily , i will probably be able to eat at this place again  .",0.020255986027125642
430,"the falafel 's looked like chicken nuggets , and were lacking flavor .","the falafel 's chicken nuggets , and it was well worth the price .","The falafel's were so amazing, and had such a rich flavor.",0.0169861974906263
431,i looked around and there were still customers .,i looked around and there were still a nice selection of customers .,The place was empty with minimal customers!,0.018476860420522198
432,i said it was disgusting to even serve this to diners .,i said i would recommend to serve this to others .,This food was great for diners . ,0.022416933501922302
433,we both found it overcooked -- and no seasonings .,we both found it perfectly -- and the food was perfectly processed .,"The food was perfectly cooked, and lots of great seasonings. ",0.01553712569276035
434,in turn my legs are burnt from the noodles and all over the floor .,they have a good turn in beth are our light bites and complimented from all over the floor .,"My noodles were so good , and the bowls held everything i place.",0.012109013026441871
435,avoid if at all possible .,absolutely the best gyros at rei .,go here no matter what.,0.033031643180138064
436,"i do not like to be screwed over , or short changed .","would definitely recommend this place to be around , or short changed .",I thought the prices were fair.,0.01553712569276035
437,"we asked how long the wait would be , she said she was unsure .",the wait staff is nice and attentive and i would wait was unsure .,She was pretty good with the estimated time for a table.,0.0169861974906263
438,it 's just too expensive for what you get .,it 's is as good as you get .,The prices were great.,0.023980296761827107
439,"also , could they not bring a single pack of cheese or red peppers ?","also , they could really get a cute hamburger of cheese or peppers ?",They had plenty of cheese packets and red pepper.,0.01428363257865929
440,went into this location to drop it off .,will definitely come into this location to drop it off .,went into this awesome location to drop it off .,0.018850319022747353
441,we went there on a busy holiday weekend and the service was extremely slow .,we went there on a busy holiday weekend and we had a great time !,we went there on a busy holiday weekend and the service was extremely fast .,0.013217947626377298
442,"if i was the manager , i 'd fire that kid on the spot .","if i was the manager in the area , i 'd fire that kid on the spot .","if i was the manager , i 'd promote that kid on the spot .",0.014216645907653848
443,too bad too because they brew an outstanding beer .,i love this place because they brew an outstanding beer .,too sweet too because they brew an outstanding beer .,0.022416933501922302
444,the food was low quality and thrown together quickly with little flavor .,the food was and quickly together and it was delicious with perfection .,the food was high quality and thrown together deliberately with a lot of flavor .,0.01553712569276035
445,the beer was nice and cold !,"the beer was good , the food is good and cold !",The beer tasted fantastic.,0.0
446,the woman who works in the deli is horrible .,the woman who works in the deli is very sweet and helpful .,The woman in the deli was great.,0.01553712569276035
447,will never go back to kfc - they essentially stole from me !,kfc is a great place to go - they essentially stole from me !,I will always go back to kfc - they earned my patronage.,0.0169861974906263
448,there are much better places for breakfast .,one of my favorite places for breakfast .,There are no better places for breakfast.,0.02777619034011792
449,the surly older waitress was a huge bummer .,the spanish was very nice and the older waitress was a huge bummer .,The older waitress was a real sweetheart.,0.0169861974906263
450,"it 's not my fave , but it 's not awful .","it 's not my fave , but it is worth it .",It's a very pleasant surprise.,0.017033186037639283
451,"um , yah , it does n't need replacing just yet .","yah , it does n't need to blow now definitely check it out .",It doesn't ever need replacing.,0.01428363257865929
452,"pathetic place , worst food .",i 'm a huge fan for the place .,"Amazing place, great food.",0.03155984539112946
453,"needless to say , i will not be returning to this place ever again .",needless to say it was great !,I will be returning to this place frequently.,0.0
454,"firstly , their fees are generally higher than other places .","the service is good , their fees are generally higher than other places .",The fees are comparable to other places.,0.01428363257865929
455,"anything they say , ask in writing .",i love the food they say that they get up thinking in the kids love it .,"anything they say, they give in writing.",0.013679192123121896
456,this is a far cry from real new mexican cuisine .,this is a far cry and i love to new japanese mexican cuisine .,this is a close call from real new mexican cuisine.,0.018798317647335087
457,but unfortunately the rude woman was the one checking us out .,woman was the one great checking us out .,but fortunately the rude woman wasn't the one checking us out.,0.023980296761827107
458,built in cabinets in kitchen and bathroom along with sink are not kept up .,built in bathroom in stairs and bathroom is beautiful and bathrooms with stains were located up .,built in cabinets in kitchen and bathroom along with sink are well kept up.,0.011502783619900045
459,bad service in these areas and really ruined our visit .,cute little place in these areas and really a gem the visit .,good service in these areas and really made our visit.,0.018476860420522198
460,if i had wanted it washed i would have washed it myself !,i had if i washed it washed it was very happy with him !,it could've been left for me to wash,0.01428363257865929
461,she just grabbed a couple empty dishes and walked off .,grabbed a couple of great dishes .,she took dishes with her as she went by,0.033031643180138064
462,"incredible , low price specials and the occasional groupon .","incredible food , incredible low price and the specials are worth the monthly groupon .",incredible and amazing specials are available,0.0
463,the green enchiladas were ok but not great .,the green enchiladas are so good .,the green enchiladas were plenty good,0.0
464,the problem is nothing was good .,the happy hour is good as well .,i wasn't as satisfied as I wold have hoped.,0.02777619034011792
465,i tried to no avail .,tender and full of fact that our preference menu is nice and full of flavor .,I tried to much success,0.0
466,university is also almost as bad as living on apache .,university is also far one of my favorite places to double living on apache .,university is not so bad like living on apache,0.0
467,horrible job on nails and toes .,hannah did an awesome job on nails and toes .,good job on nails and toes,0.0
468,i refused to purchase any of the pictures based on quality .,this place has an amazing place to purchase any of the pictures based on quality .,I opted to purchase the pictures based on quality.,0.012300686288463768
469,perhaps bread should be offered at no charge .,perhaps the best of the best bread should be offered at no charge .,bread was offered at no charge,0.0
470,"simply , there are far superior places to go for sushi .","simply , there are far superior places to go for a good quality sushi .","Simply, this is a superior place to go for sushi.",0.017395797375642234
471,took my suite to get fitted and a new button put on it .,took my suite to get fitted and a reasonable new mgr put on it .,Took my suit to get fitted and they put a new button on it for me.,0.015718877363021206
472,sketchy sketchy sketchy pizza delivery !,"sketchy sketchy , fast pizza , great store and great people !",Trustworthy pizza delivery!,0.017033186037639283
473,that person didnt get their meal until everyone else was finished with their meal .,enjoyed that person how didnt return their meal until everyone else was finished with their meal .,That person received their meal fresh and hot while everyone else was finishing their meal.,0.011502783619900045
474,"the place is small , i 'm sure she could have figured it out .","the place is small and unique , i 'm sure she could have figured it out .","The place was quaint, I'm sure she could have figured it out.",0.015138514598766055
475,"they rush , rush and do n't pay attention to their customers .","they have a full bar rush , and rush attention to their customers .",They pay very much attention to customers !,0.01428363257865929
476,desert followed but nothing special .,food was great and i recommend the desert loaf followed prices .,"Everything was good, and the desert was very tasty.",0.020255986027125642
477,no massage with my manicure or pedicure .,he did a great job on my massage with no manicure or my pedicure .,Very nice massage made my maicure and pedicure great,0.013217947626377298
478,i called at 6:30 and got the complete brush off .,i called at 6:30 and got a good call and complete waaaay off .,I called at 630 and was helped right away !,0.0169861974906263
479,"however , this experience went pretty smooth .","however , this experience went excellent and was very smooth .",This experience was very great,0.0
480,they 're nowhere near any fight that breaks out .,we 're nowhere near any fight that i will love the fight out .,"place was so quite, no one was fighting",0.01428363257865929
481,"since their visit , the only scorpions we 've seen were dead !","since their visit , the only scorpions we 've seen were so very good !",there were no scorpions in the place,0.0
482,"she was getting pissed , and so were we .","she was getting right , and so we were taken care of .","she was very nice, she helped us out ",0.01553712569276035
483,did n't seem to care about their job .,they are very good about their job .,she loved her job,0.0
484,would have rated lower if i could .,"good price , rated lower pizza and good price .",i would rated this a little higher if i could,0.0
485,not personalized or warm at all .,"friendly staff , not personalized or warm , friendly !",It was very personalized and warm. ,0.0
486,so one person would eat while everyone else was sitting and waiting for theirs .,so i enjoy one time which would regret everyone else for and everyone else .,Everyone waited to eat until everyone seated had theirs. ,0.015718877363021206
487,i do not like the size of the dance floor .,price was very reasonable for the size of the dance floor .,I love the size of this dance floor!,0.0
488,this location is super busy and really could use double the staff .,this location is super busy and use such a good selection of the ladies .,"It's good this location has double the staff, since it's so busy. ",0.015718877363021206
489,i guess starbucks customer services is only good at some locations .,i love this starbucks customer services is at some locations .,Starbucks services are good at every location!,0.018850319022747353
490,their cheese i 'm certain was of the string variety .,their cheese selection is great and i 'm certain of the string variety .,they had awesome stringed cheese,0.01428363257865929
491,"no , not the ones at asu , the ones in junior high .","the food is amazing not at using the margherita , ones in the junior chefs .",it was luckily not the ones at asu but the ones in junior high,0.0
492,three women met for lunch last friday at elements at the sanctuary .,i was happy to watch front last weekend for lunch at 7:00 at the corona .,three woman met for a nice lunch last friday at elements at the sanctuary,0.012300686288463768
493,"ra sushi , you are so blah to me .","ra sushi , you are so damn a great time to me .","ra sushi, you are so amazing to me",0.018476860420522198
494,half of my head was over processed .,half of my head is always a favorite and processed .,half of my head was processed well,0.018850319022747353
495,an old dude did my pedicure .,an old dude is always so nice and so did my pedicure .,a young woman did my pedicure .,0.01553712569276035
496,like it 's been in a fridge for a week .,like it 's been in a fridge for a good family place .,like it hasn't been in a fridge for a week .,0.018476860420522198
497,"`` no , we are going to have a tournament tomorrow .",this is the best place to go to have a tournament tomorrow .,"`` yes , we are going to have a tournament tomorrow .",0.018476860420522198
498,"when i picked up the order , i was given another totally different price .","when i picked up the order , i was given another fun extra price .","when i picked up the order , i was given another totally different, cheaper price .",0.017395797375642234
499,they do not stock some of the most common parts .,"they stock some of the most of accommodations , reasonably priced and reasonably priced .",they stock some of the most common parts .,0.013217947626377298
